{
  "database": {
    "hostname": "localhost",
    "port": 3306,
    "database": "singlefile_db",
    "username": "root",
    "password": "",
    "driver": "MySQLi",
    "prefix": "",
    "charset": "utf8mb4",
    "collation": "utf8mb4_general_ci",
    "debug": true,
    "strict": false,
    "encrypt": false,
    "compress": false
  },
  "environment": {
    "name": "production",
    "baseURL": "http://localhost:402/",
    "forceHTTPS": false,
    "indexPage": "index.php",
    "uriProtocol": "REQUEST_URI"
  },
  "security": {
    "encryptionKey": "tu_clave_de_encriptacion_segura_aqui",
    "sessionDriver": "CodeIgniter\\Session\\Handlers\\FileHandler",
    "sessionPath": null
  },
  "logging": {
    "threshold": 4
  },
  "comments": {
    "note": "Este archivo puede ser modificado directamente en el servidor para cambiar la configuración de la base de datos y otros parámetros",
    "instructions": [
      "1. Modifica los valores de 'database' para cambiar la conexión a la base de datos",
      "2. Cambia 'environment.baseURL' para especificar la URL base de la aplicación",
      "3. Actualiza 'security.encryptionKey' con una clave segura",
      "4. Reinicia el servidor después de hacer cambios"
    ]
  }
}
